{"cameraMode":{"drawMode":0,"name":"Shaded","section":"Shading Mode"},"sceneLighting":true,"audioPlay":false,"sceneViewState":{"m_AlwaysRefresh":true,"showFog":true,"showSkybox":true,"showFlares":true,"showImageEffects":true,"showParticleSystems":true,"showVisualEffectGraphs":true,"m_FxEnabled":true},"in2DMode":false,"pivot":{"x":7.039829730987549,"y":3.8592231273651125,"z":-1.5901312828063965},"rotation":{"x":-0.20540715754032136,"y":0.4054911136627197,"z":-0.09440254420042038,"w":-0.8858230113983154},"size":1.7025995254516602,"orthographic":false}