{"cameraMode":{"drawMode":0,"name":"Shaded","section":"Shading Mode"},"sceneLighting":true,"audioPlay":false,"sceneViewState":{"m_AlwaysRefresh":true,"showFog":true,"showSkybox":true,"showFlares":true,"showImageEffects":true,"showParticleSystems":true,"showVisualEffectGraphs":true,"m_FxEnabled":true},"in2DMode":false,"pivot":{"x":1.5484343767166138,"y":8.386472702026368,"z":7.5012383460998539},"rotation":{"x":-0.20784416794776917,"y":0.7862743139266968,"z":-0.46207791566848757,"w":-0.35367757081985476},"size":1.1582223176956177,"orthographic":false}