{"cameraMode":{"drawMode":0,"name":"Shaded","section":"Shading Mode"},"sceneLighting":true,"audioPlay":false,"sceneViewState":{"m_AlwaysRefresh":true,"showFog":true,"showSkybox":true,"showFlares":true,"showImageEffects":true,"showParticleSystems":true,"showVisualEffectGraphs":true,"m_FxEnabled":true},"in2DMode":false,"pivot":{"x":-0.25088226795196535,"y":0.8406316637992859,"z":-0.04864902421832085},"rotation":{"x":-0.037549443542957309,"y":0.960171103477478,"z":-0.15900301933288575,"w":-0.2267397940158844},"size":1.3217240571975709,"orthographic":false}