{"cameraMode":{"drawMode":0,"name":"Shaded","section":"Shading Mode"},"sceneLighting":true,"audioPlay":false,"sceneViewState":{"m_AlwaysRefresh":true,"showFog":true,"showSkybox":true,"showFlares":true,"showImageEffects":true,"showParticleSystems":true,"showVisualEffectGraphs":true,"m_FxEnabled":true},"in2DMode":false,"pivot":{"x":2.8591489791870119,"y":2.0657334327697756,"z":-2.4070866107940676},"rotation":{"x":-0.24160942435264588,"y":0.3037515878677368,"z":-0.08029396086931229,"w":-0.9182175397872925},"size":1.7025995254516602,"orthographic":false}