{"cameraMode":{"drawMode":0,"name":"Shaded","section":"Shading Mode"},"sceneLighting":true,"audioPlay":false,"sceneViewState":{"m_AlwaysRefresh":true,"showFog":true,"showSkybox":true,"showFlares":true,"showImageEffects":true,"showParticleSystems":true,"showVisualEffectGraphs":true,"m_FxEnabled":true},"in2DMode":false,"pivot":{"x":-1.9817719459533692,"y":-0.1818896383047104,"z":-2.5013797283172609},"rotation":{"x":-0.04218735918402672,"y":0.9515634775161743,"z":-0.1523146629333496,"w":-0.26385945081710818},"size":2.747905731201172,"orthographic":false}